keyword;volume;cpc;comp;kd;source
crm система;12100;0.88;0.46;39;semrush-ru
битрикс24;90500;2.95;0.17;48;semrush-ru
amocrm;40500;0.47;0.10;33;semrush-ru
воронка продаж;9900;0.17;0.09;22;semrush-ru
лидогенерация;2400;0.76;0.38;32;semrush-ru
сквозная аналитика;1900;3.78;0.70;30;semrush-ru
автоматизация бизнеса;590;1.45;0.64;15;semrush-ru
автоматизация бизнес процессов;590;1.37;0.59;15;semrush-ru
внедрение битрикс24;260;1.32;0.89;35;semrush-ru
речевая аналитика;260;3.08;0.84;18;semrush-ru
голосовой робот;210;1.85;0.82;17;semrush-ru
цифровизация бизнеса;210;0.50;0.54;16;semrush-ru
внедрение crm;170;1.13;0.79;19;semrush-ru
автоматизация документооборота;170;0.52;0.34;13;semrush-ru
чат бот для сайта;110;0.61;0.71;10;semrush-ru
комплексная автоматизация бизнеса;30;0.78;0.17;0;semrush-ru
автоматизация продаж;10;0.92;0.58;0;semrush-ru
внедрение amocrm;10;1.81;0.89;0;semrush-ru
внедрение искусственного интеллекта;10;0.00;0.41;0;semrush-ru
искусственный интеллект для бизнеса;10;0.62;0.86;0;semrush-ru
внедрение ии;;;;;нет в базе
ии агенты для бизнеса;;;;;нет в базе
создание ии агентов;;;;;нет в базе
разработка ии агентов;;;;;нет в базе
нейросети для бизнеса;;;;;нет в базе
ии для бизнеса;;;;;нет в базе
