keyword;volume;cpc;kd;seed
ai automation;9900;8.37;58;ai automation
ai workflow automation;4400;17.03;70;ai automation
ai and automation;2900;8.37;74;ai automation
ai automation tools;2400;10.76;66;ai automation
ai marketing automation;1900;13.6;69;ai automation
ai automation services;1600;14.55;31;ai automation
ai for business automation;1300;29.16;55;ai automation
what is ai automation;1300;3.68;47;ai automation
ai automation software;1000;18.73;61;ai automation
ai business automation;1000;17.51;57;ai automation
ai business process automation;1000;21.53;42;ai automation
best ai workflow automation tool;1000;0;62;ai automation
ai consulting;8100;9.66;65;ai consulting
ai consulting services;6600;20.13;45;ai consulting
ai consultant;3600;9.66;46;ai consulting
ai consultants;2900;9.66;70;ai consulting
ai consulting company;2900;13.09;73;ai consulting
ai consulting companies;2400;13.09;59;ai consulting
ai consulting firms;2400;13.09;55;ai consulting
ai strategy consulting;2400;14.2;52;ai consulting
generative ai consulting services;1900;21.48;45;ai consulting
ai business consulting;1300;15.45;62;ai consulting
ai consultancy;1300;13.6;49;ai consulting
ai consultation;1300;9.66;55;ai consulting
ai consulting firm;1300;18.64;64;ai consulting
ai governance consulting;1300;8.13;32;ai consulting
generative ai consulting;1300;33.11;31;ai consulting
ai consulting agency;1000;10.91;53;ai consulting
ai integration consulting;1000;15.98;44;ai consulting
salesforce ai consultant;1000;35.19;33;ai consulting
top ai consulting firms;1000;9.93;9;ai consulting
best ai consulting firms;880;11.69;26;ai consulting
ai automation consultant;590;15.3;26;ai consulting
ai consultant certification;590;5.5;35;ai consulting
ai implementation consultant;590;13.61;66;ai consulting
ai technology consulting;590;16.23;68;ai consulting
generative ai consulting company;590;15.57;43;ai consulting
ai business consultant;480;16.48;63;ai consulting
ai consultancy services;480;20.13;54;ai consulting
ai healthcare consulting;480;6.04;11;ai consulting
ai marketing consultant;480;8.82;11;ai consulting
ai ml consulting;480;11.21;47;ai consulting
conversational ai consulting;480;9.41;8;ai consulting
healthcare ai consulting;480;6.06;12;ai consulting
top ai consulting companies;480;9.62;30;ai consulting
ai automation consulting;390;15.3;11;ai consulting
ai consulting for small businesses;390;8.73;17;ai consulting
ai implementation;2400;9.58;60;ai implementation
ai implementation services;480;14.59;46;ai implementation
ai implementation strategy;390;14.64;62;ai implementation
ai implementation roadmap;320;10.84;33;ai implementation
generative ai implementation;320;9.63;23;ai implementation
implement ai;320;9.58;55;ai implementation
responsible ai implementation;320;6.75;63;ai implementation
how to implement ai in business;260;9.33;57;ai implementation
ai implementation challenges;210;4.26;36;ai implementation
ai implementation in business;210;15.97;61;ai implementation
agentic ai implementation;170;10.91;42;ai implementation
ai implementation planning;170;0;45;ai implementation
implementing ai in business;170;13.06;58;ai implementation
ai automation agency;2900;6.54;36;automation agency
artificial intelligence automation agency;2400;6.54;36;automation agency
marketing automation agency;2400;11.07;21;automation agency
ai automation agencies;390;6.84;21;automation agency
automation agency;390;5.23;44;automation agency
b2b marketing automation agency;390;0;20;automation agency
email automation agency;320;14.7;31;automation agency
ai automation agency services;260;7.42;28;automation agency
business automation agency;260;10.65;20;automation agency
marketing automation implementation agency;210;22.22;12;automation agency
insurance agency automation;170;20.72;7;automation agency
agency automation;140;10.13;23;automation agency
ai automation agency pricing;110;6.52;9;automation agency
lead management;2900;18.43;53;lead management
lead management software;2400;23.05;45;lead management
lead management system;1900;21.81;42;lead management
crm lead management;880;21.69;33;lead management
lead management crm;720;21.69;35;lead management
best lead management software;590;39.9;42;lead management
free lead management software;390;27.59;34;lead management
lead management process;390;7.78;39;lead management
sales lead management software;480;16.01;48;lead management
b2b lead management;320;0;17;lead management
