keyword;volume;cpc;comp;kd;note
n8n vs zapier;1900;5.37;0.15;40;сравнение инструментов
n8n vs make;1000;3.73;0.21;34;сравнение инструментов
top ai consulting firms;1000;9.93;0.44;9;подборка
best ai consulting firms;880;11.69;0.25;26;подборка
ai agent vs chatbot;720;2.27;0.03;41;сравнение понятий
ai receptionist for small business;720;22.47;0.71;51;голосовой кластер
zapier vs make;590;8.41;0.21;35;сравнение инструментов
best ai receptionist;480;16.05;0.55;56;голосовой кластер
best ai agent builder;390;11.06;0.61;41;подборка
best workflow automation tools;390;28.26;0.27;52;подборка
ai sdr tools;260;27.05;0.22;22;подборка
best ai automation tools;260;10.13;0.47;61;подборка
best ai sdr tools;210;47.99;0.25;12;подборка
best ai agency;170;7.71;0.64;31;подборка
top ai agent development companies;140;15.50;0.15;22;подборка
best ai sdr;110;30.25;0.35;24;подборка
top ai automation agencies;110;7.25;0.66;27;подборка
best ai voice agent;110;13.71;0.35;18;голосовой кластер
best business process automation tools;90;0;0.07;62;подборка
ai voice agent pricing;70;6.72;0.36;26;голосовой кластер
ai vs rpa;70;4.81;0.09;51;сравнение понятий
ai receptionist pricing;50;14.38;0.59;18;голосовой кластер
best ai chatbot for business;50;209.73;0.36;52;подборка
top ai agencies;30;9.18;0.69;36;подборка
ai voice agent for business;30;30.55;0.19;0;голосовой кластер
best ai automation agency;20;8.06;0.79;0;подборка
